-- phpMyAdmin SQL Dump
-- version 4.9.0.1
-- https://www.phpmyadmin.net/
--
-- Host: localhost
-- Generation Time: Jan 23, 2020 at 09:03 AM
-- Server version: 10.4.6-MariaDB
-- PHP Version: 7.3.9

SET SQL_MODE = "NO_AUTO_VALUE_ON_ZERO";
SET AUTOCOMMIT = 0;
START TRANSACTION;
SET time_zone = "+00:00";


/*!40101 SET @OLD_CHARACTER_SET_CLIENT=@@CHARACTER_SET_CLIENT */;
/*!40101 SET @OLD_CHARACTER_SET_RESULTS=@@CHARACTER_SET_RESULTS */;
/*!40101 SET @OLD_COLLATION_CONNECTION=@@COLLATION_CONNECTION */;
/*!40101 SET NAMES utf8mb4 */;

--
-- Database: `dbpemira`
--

-- --------------------------------------------------------

--
-- Table structure for table `pemilih`
--

CREATE TABLE `pemilih` (
  `id` int(11) NOT NULL,
  `nama` varchar(45) NOT NULL,
  `nim` varchar(10) NOT NULL,
  `sandi` varchar(45) NOT NULL,
  `status` tinyint(1) NOT NULL
) ENGINE=InnoDB DEFAULT CHARSET=latin1;

--
-- Dumping data for table `pemilih`
--

INSERT INTO `pemilih` (`id`, `nama`, `nim`, `sandi`, `status`) VALUES
(1, 'Fadilla Arfikriyana', '0110116001', '7868', 0),
(2, 'Andhito Diaz Revandra', '0110116002', '1169', 1),
(3, 'Joni Anwar', '0110116005', '3688', 0),
(4, 'Maurice Yoga Ibrahim', '0110116007', '6254', 0),
(5, 'Bayhaqi Alfaridzi', '0110116008', '3999', 0),
(6, 'Arofi Nur Zulfa', '0110116009', '0406', 0),
(7, 'Muhammad Hanif Dwi C A', '0110116010', '7793', 0),
(8, 'Muhamad Idris', '0110116011', '6340', 1),
(9, 'Rosy Annisa Firlana', '0110116012', '4267', 0),
(10, 'Gunawan Kartono', '0110116013', '8629', 0),
(11, 'Lizza Noor Azizah', '0110116015', '3118', 1),
(12, 'Fauzi Hafsar', '0110116016', '1009', 1),
(13, 'Miftakhul Aris', '0110116018', '5486', 1),
(14, 'Chairin Nashrillah', '0110116019', '2282', 1),
(15, 'Elsa Nadira', '0110116023', '3634', 0),
(16, 'Yudi Yurnenda', '0110116025', '4160', 0),
(17, 'Lia Khairunnisa', '0110116026', '4119', 1),
(18, 'Rizka Amalia Apriliani', '0110116028', '1923', 1),
(19, 'Shafura Iryani', '0110116030', '0834', 1),
(20, 'Nihlah Karimah', '0110116032', '5025', 1),
(21, 'Latifa Diniputri', '0110116033', '3753', 0),
(22, 'Afifa Diniputri', '0110116034', '0127', 0),
(23, 'Lailia Cahya Putri', '0110116035', '8111', 1),
(24, 'Azmi Faiz Habibi', '0110116037', '7688', 1),
(25, 'Ibrahim Syafiq Musyaffa', '0110116038', '6481', 1),
(26, 'Satria Yudha', '0110116042', '0160', 0),
(27, 'Naila Natalia Aufar', '0110116043', '1518', 1),
(28, 'Hulwah Zahidah', '0110116044', '5898', 1),
(29, 'Muhammad Ridho Fadhillah', '0110116047', '9678', 1),
(30, 'Randi', '0110116048', '1797', 0),
(31, 'Ade Trisna Wardah', '0110116049', '5632', 1),
(32, 'Atikah Permata Sari', '0110116050', '0474', 0),
(33, 'Sri Rejeki', '0110116054', '8041', 0),
(34, 'Riyan Hidayattuloh', '0110116055', '6512', 0),
(35, 'Azzatul Syuqriya', '0110116056', '5825', 0),
(36, 'Ghany Wizayadi', '0110116057', '9275', 0),
(37, 'Cica Nur Latifah', '0110116058', '3540', 0),
(38, 'Laila Nafila', '0110116059', '9048', 1),
(39, 'Maulana Muhammad Jibril', '0110116061', '6525', 0),
(40, 'Muhammad Al Fathan Harriz', '0110216001', '0823', 0),
(41, 'Vindi Pop Ardinoto', '0110216002', '7374', 0),
(42, 'Fahmi Hafizul Haq', '0110216003', '6680', 0),
(43, 'Abu Kamid', '0110216004', '5757', 0),
(44, 'Firhan Yulianto', '0110216009', '6742', 0),
(45, 'Anifatul Aufah', '0110216010', '4678', 1),
(46, 'Kuati Septiani', '0110216011', '5805', 0),
(47, 'Nendi Ilham Munanda Tampubolon', '0110216015', '1225', 0),
(48, 'Wahab Rahmanto', '0110216017', '3045', 1),
(49, 'Muhammad Alwi Mahfud', '0110216018', '7237', 1),
(50, 'Annisa Tahira', '0110216019', '2857', 1),
(51, 'Muhammad Yahya Abdullah', '0110216021', '7332', 0),
(52, 'Adittya Wicaksono', '0110216022', '7534', 0),
(53, 'Rizki Aji Gusti Ekaputra', '0110216024', '1109', 1),
(54, 'Rizky Hidayat Panjaitan', '0110216028', '0750', 0),
(55, 'Ahmad Mujahid', '0110216029', '1046', 0),
(56, 'Arius Wanimbo', '0110216030', '8970', 0),
(57, 'Satria Suryanegara', '0110216031', '6536', 0),
(58, 'Mohammad Akmaluddin Novianto', '0110216035', '9037', 1),
(59, 'Cartridge Ryan Praditya', '0110216036', '1501', 0),
(60, 'Muhammad Fadhil Hilmi', '0110216037', '7012', 1),
(61, 'Mohammad Reza Nurrahman', '0110216040', '2303', 0),
(62, 'Rio Bayu Rinaldi', '0110216041', '8184', 0),
(63, 'Arfian Mulya Pasha', '0110216044', '5844', 1),
(64, 'Arif Ariyanto', '0110216046', '2865', 0),
(65, 'Isham Dienurrahman', '0110216048', '4721', 0),
(66, 'Hendy Arditya Syaifullah', '0110216052', '0914', 0),
(67, 'Teguh Oktario Samudera', '0110216054', '0563', 0),
(68, 'Suharya', '0110216055', '7359', 0),
(69, 'Faiz Khoiron', '0110216056', '0107', 0),
(70, 'Iqbal Ajie Wahyudin', '0110216057', '3646', 1),
(71, 'Muhammad Rifki Chairil', '0110216058', '1765', 1),
(72, 'Sukmo Afri Ardisa Putro', '0110216060', '1686', 0),
(73, 'Umair', '0110216061', '1572', 1),
(74, 'Muhamad Akmal', '0110216064', '7314', 0),
(75, 'Haya Rasikhah', '0110216065', '1968', 0),
(76, 'Arisy Basyiruddin', '0110216068', '7611', 0),
(77, 'Syifa Tazkiy Fauziah', '0110216070', '4876', 1),
(78, 'Muhammad Fadri Wijaya', '0110216072', '4462', 0),
(79, 'Akhmad Arip', '0110216074', '2969', 1),
(80, 'Rakha Diasry', '0110216075', '6333', 1),
(81, 'Sutan Bisma', '0110216076', '0969', 0),
(82, 'Yedi Suherdi', '0110117001', '5925', 0),
(83, 'Achmad Samuel', '0110117002', '3287', 1),
(84, 'Imam Mustofa', '0110117004', '0979', 1),
(85, 'Irghan Chairul Mufiz', '0110117005', '5258', 1),
(86, 'Lala Kumala Sari', '0110117006', '9407', 0),
(87, 'Farah Shofiyah', '0110117009', '7121', 1),
(88, 'Rahmat Panji Ramadhan', '0110117010', '8606', 1),
(89, 'Noviyati Nur Wulan', '0110117012', '5686', 1),
(90, 'Rahmawati Nurlaela', '0110117014', '5277', 1),
(91, 'Muhammad Saiful Bakhri', '0110117015', '9655', 0),
(92, 'Sallima Hayati', '0110117016', '0081', 1),
(93, 'Silmi Rizqi Ramadhani', '0110117017', '1495', 1),
(94, 'Muhammad Achdiat Fata', '0110117018', '8665', 1),
(95, 'Fitri Kurniasih', '0110117020', '4639', 0),
(96, 'Miftakhul Arifin', '0110117021', '6302', 0),
(97, 'Fernandes Heriansah', '0110117022', '7384', 0),
(98, 'Achmad Fariz Imaduddin', '0110117023', '5851', 0),
(99, 'Jennie Imelia F. S', '0110117028', '9038', 1),
(100, 'Robi\'ah Qoyimah', '0110117030', '3644', 0),
(101, 'Ayu Amalia', '0110117034', '4799', 1),
(102, 'Dewi Nurfitri', '0110117037', '1912', 0),
(103, 'Tanalina Rahma Ilahiyah', '0110117039', '5785', 1),
(104, 'Karina Sukmawati', '0110117040', '3869', 1),
(105, 'Farras Syafira Susilo', '0110117041', '3628', 1),
(106, 'Faisal Rahmat', '0110217001', '9347', 1),
(107, 'Fariz', '0110217003', '1535', 1),
(108, 'Sahrul Rizal', '0110217004', '7950', 1),
(109, 'Miftahul huda', '0110217005', '8973', 0),
(110, 'Subekti Tyas rahayu', '0110217006', '8360', 0),
(111, 'Asep Dudung', '0110217008', '9902', 0),
(112, 'Faisal Ayash F', '0110217009', '2037', 0),
(113, 'Andri Darma Permana', '0110217010', '2928', 1),
(114, 'Ali Imran', '0110217012', '4243', 1),
(115, 'Fathiyah', '0110217013', '7299', 0),
(116, 'Mila Widya Nurita', '0110217014', '1447', 0),
(117, 'Mochamad Wisnu Nugroho', '0110217015', '8613', 1),
(118, 'Mohammad Rafi Shiddiq', '0110217016', '4044', 0),
(119, 'Muhammad Adil Nashrul Haq', '0110217018', '7601', 0),
(120, 'Ahmad Mairat', '0110217021', '3150', 1),
(121, 'Triyas Tono', '0110217022', '8885', 0),
(122, 'Farhan Budiman', '0110217023', '4785', 1),
(123, 'Syafitri Adjizah', '0110217024', '6636', 0),
(124, 'Muhammad Ilham', '0110217025', '9701', 1),
(125, 'Everett Dean Yusuf', '0110217026', '0008', 0),
(126, 'Muhammad Rafi Akbar', '0110217027', '2383', 0),
(127, 'Muhammad Azhar Rasyad', '0110217029', '3819', 1),
(128, 'Muhammad Fazri', '0110217030', '4658', 0),
(129, 'Ihsanul Fikri Abiyyu', '0110217034', '6191', 0),
(130, 'Annisa Rinjani Putri', '0110217035', '9686', 0),
(131, 'Shidqi Anshori Robbani', '0110217036', '1615', 1),
(132, 'Auzan Assidqi', '0110217037', '0034', 1),
(133, 'Atrisa Endya Nur Hidayah', '0110217038', '2485', 0),
(134, 'Herlina', '0110217039', '8178', 1),
(135, 'Raihan Sabiq Rabbani', '0110217040', '9897', 0),
(136, 'Lesmana Prawira Kusumah', '0110217041', '5840', 0),
(137, 'Muhammad Yazid Supriadi', '0110217042', '1341', 1),
(138, 'Sahnal Layyin Hutasuhut', '0110217043', '8604', 0),
(139, 'Muhammad Akbar', '0110217045', '4634', 1),
(140, 'Vivi Rahmawati', '0110217046', '2617', 1),
(141, 'Fachrur Rozzy Dirza', '0110217048', '8385', 1),
(142, 'Chairil Hilman Syah', '0110217054', '6718', 1),
(143, 'Ahmad Fathan Syakir', '0110217055', '9513', 1),
(144, 'Faradila Zazkia Nabillah', '0110217056', '6048', 0),
(145, 'Nopiansyah', '0110217059', '3364', 0),
(146, 'Ridwan Subula Salam', '0110217063', '0085', 1),
(147, 'Faisal Fitri', '0110217064', '7069', 0),
(148, 'Ashim Abdul Halim', '0110217067', '6274', 0),
(149, 'Ardith Lutfiawan', '0110217068', '7102', 0),
(150, 'Huda Izzatul Haq', '0110217069', '9375', 1),
(151, 'Nabilah Fajar Utami', '0110217070', '4660', 0),
(152, 'Fatkhurrahman Jundi Binauf', '0110217071', '3005', 1),
(153, 'Maulana Ahmad Fatahillah', '0110217074', '6496', 0),
(154, 'Miqdad Abdul Malik', '0110217075', '2063', 1),
(155, 'M Sarifudin', '0110217077', '3824', 0),
(156, 'Ardion Arif', '0110217078', '4628', 0),
(157, 'Hauzani Dhianulwansyah Setiawan', '0110217084', '3315', 0),
(158, 'Hera Karmila', '0110217085', '3533', 0),
(159, 'Mujib Ahmad', '0110217086', '6179', 1),
(160, 'Aditya Fitriadi', '0110217087', '4373', 1),
(161, 'Ade Mirani', '0110217091', '5664', 0),
(162, 'Dian Purnama', '0110217092', '5459', 1),
(163, 'Moch Hafied', '0110217095', '4754', 0),
(164, 'Muhammad Rizki Herfian', '0110217103', '7994', 0),
(165, 'Indra Ardianto', '0110217106', '3528', 1),
(166, 'RISKY PANDU SETIANINGRUM', '0110118001', '7725', 0),
(167, 'ANNISA KURNIA RABIAL', '0110118002', '0284', 0),
(168, 'TIRSAN', '0110118003', '0562', 0),
(169, 'ODE ZULKIFLI', '0110118004', '6314', 0),
(170, 'NABILA NUR CAHYANI', '0110118005', '9654', 1),
(171, 'SRI DEFI MAULIDIYAWATI ISNAENI', '0110118006', '9400', 1),
(172, 'HIZIANATUL MAHWAHULHUSNA', '0110118007', '0990', 0),
(173, 'EVELYN LUTFIANA', '0110118008', '3785', 0),
(174, 'INDIKA NURFANSYAH', '0110118009', '7768', 0),
(175, 'AHMAD GOZALI RUMBARA', '0110118010', '3255', 0),
(176, 'MUHAMMAD DONY', '0110118011', '8502', 0),
(177, 'APRILIA DWI LESTARI', '0110118012', '7458', 1),
(178, 'ATEN FAITUH RAHMAN', '0110118013', '8947', 0),
(179, 'R. IDUL LANNUARY HUTAGALUNG', '0110118014', '8294', 0),
(180, 'NUR ALIFAH', '0110118015', '3766', 1),
(181, 'TABRONI', '0110118016', '4332', 0),
(182, 'DULSAID', '0110118017', '6056', 1),
(183, 'ALI SURYA LESMANA', '0110118018', '0256', 1),
(184, 'WAWAN HOERUMAN', '0110118019', '6812', 0),
(185, 'R MUH HAFIZH IQBAL FAUZI', '0110118020', '1521', 0),
(186, 'IKRAM', '0110118021', '3529', 1),
(187, 'WIDYA NOVIANINGSIH', '0110118022', '1829', 1),
(188, 'PUTRI SANIA', '0110118024', '1053', 1),
(189, 'MIBTAH SARI DELI', '0110118025', '7328', 1),
(190, 'YUNI KARTIKA', '0110118026', '4212', 1),
(191, 'ADAM ACHMAD GHAZALI', '0110118027', '5813', 0),
(192, 'MUHAMMAD DIKMAS PRIHANTARA', '0110118028', '8328', 0),
(193, 'CHAERUL', '0110118029', '7505', 0),
(194, 'VINI UNIQA TAZKIA AZZAHRA', '0110118030', '8357', 0),
(195, 'FAKHRURROZI', '0110118031', '6835', 0),
(196, 'MUJAHID HAQI ROBANI', '0110118032', '2226', 1),
(197, 'NURFAUZIAH ARAFAH', '0110118033', '0460', 0),
(198, 'CHANDRAGUNA', '0110118034', '8060', 0),
(199, 'ARINA FADLILA', '0110118035', '7630', 1),
(200, 'NABILLA NURIANI', '0110118037', '7296', 0),
(201, 'MUHAMMAD IKHSAN FAUZAN', '0110118038', '1299', 0),
(202, 'WIDI ANNISSAH', '0110118039', '1339', 1),
(203, 'MIFTAHUSSA\'ADAH PUTRI SIDDIQ', '0110118040', '2369', 1),
(204, 'MAYANG DAMAYANTI', '0110118041', '7887', 1),
(205, 'YUNIKA BUNGA WIDYASTUTI', '0110118042', '1637', 0),
(206, 'HUDZAIFAH ABDURRAHMAN', '0110118045', '3918', 0),
(207, 'ABDURACHMAN ROMZY', '0110118046', '6467', 1),
(208, 'ADI GUNAWAN', '0110118047', '9353', 1),
(209, 'FARHAN PANDJI SADEWA', '0110118048', '9280', 0),
(210, 'ZHIHAN FAUZIA', '0110118049', '2402', 1),
(211, 'IA ANIKA', '0110118050', '6903', 1),
(212, 'ABDUL ALIM', '0110118051', '7298', 0),
(213, 'CHRISTANTIO DWI SAPUTRA', '0110118052', '8832', 1),
(214, 'MUHAMMAD IBNU AL-FIDA', '0110118053', '8452', 1),
(215, 'NETI APRILIANTI', '0110118054', '0411', 0),
(216, 'NADILA OKTAVIANI', '0110118055', '4813', 1),
(217, 'IRFAN RAHMAT', '0110118056', '7778', 1),
(218, 'MUSYAFFA AHMAD SYAUQI', '0110118057', '2712', 1),
(219, 'ROZA ARIANI', '0110118058', '3917', 1),
(220, 'HADYAN ABDUL AZIZ', '0110118059', '0866', 1),
(221, 'MUHAMMAD ILYAS', '0110118060', '6738', 0),
(222, 'AYU DWI SUNDARI', '0110118061', '3723', 1),
(223, 'MUHAMMAD ILYASA', '0110118062', '8546', 0),
(224, 'MUHADI', '0110118063', '1104', 1),
(225, 'ADELLA NURRINJANI', '0110218001', '2139', 1),
(226, 'AL-ABDUL GANI', '0110218002', '6934', 0),
(227, 'MUHAMAD FURQON', '0110218003', '1190', 0),
(228, 'HAMMAD ABDUL HALIM', '0110218004', '3626', 0),
(229, 'ZULKARNAEN', '0110218005', '4240', 0),
(230, 'ARISANDI', '0110218006', '5377', 0),
(231, 'ZULKIFLI JUFRI', '0110218007', '6709', 1),
(232, 'AL FAJRI', '0110218008', '7004', 1),
(233, 'ASWAR', '0110218009', '1533', 1),
(234, 'MAULANA MAJID', '0110218011', '4812', 0),
(235, 'NAUFAL ARFI ANZALNA', '0110218012', '5060', 0),
(236, 'IKHSAN NUR', '0110218013', '9027', 0),
(237, 'ARSYAD FATULLAH NUR', '0110218014', '6765', 0),
(238, 'HUSNUL HADI', '0110218015', '0955', 0),
(239, 'NOVERENO IRAWAN PUTRA', '0110218016', '1353', 0),
(240, 'AHMAD BADRUL ULUM', '0110218017', '5690', 0),
(241, 'AHMAD SUTADI YUDHA PRATAMA', '0110218018', '7654', 0),
(242, 'MOHAMMAD ALIF MUKHLISH INSANI', '0110218019', '5003', 0),
(243, 'QEIS AL FARIZY', '0110218020', '8939', 0),
(244, 'MUHAMAD RIFQI MANARUL HIDAYAH', '0110218021', '7814', 0),
(245, 'MUHAMMAD FIKRI', '0110218022', '9442', 0),
(246, 'KHALID ABBAS', '0110218023', '2862', 0),
(247, 'EFRIZAL', '0110218024', '7234', 1),
(248, 'MOHAMAD RIZKI HANIF', '0110218025', '7173', 1),
(249, 'TUBAGUS MUHAMMAD BILLAL ZAKKY SURYA', '0110218026', '1983', 1),
(250, 'LINGGA BADRA GUMILANG', '0110218027', '2128', 0),
(251, 'MUHAMMAD RAMADHAN', '0110218028', '4422', 0),
(252, 'MUHAMMAD SYAFE\'I', '0110218029', '4140', 0),
(253, 'ISMAIL RAJI RIDHA', '0110218030', '7581', 0),
(254, 'RAHMATUL ZAKIA', '0110218031', '2382', 1),
(255, 'HASAN ALBANNA', '0110218032', '2653', 0),
(256, 'IRVAN FAHRUDIN', '0110218033', '6990', 0),
(257, 'MUTIYA ADIFA NURILMI', '0110218034', '5181', 0),
(258, 'FERDI JULIANSYAH', '0110218035', '7255', 1),
(259, 'ANDIKA YUSUF', '0110218036', '5201', 1),
(260, 'M. DAAFIQUL FIKRI', '0110218037', '6331', 0),
(261, 'DIMAS BAGUS SETYAWAN', '0110218038', '7848', 0),
(262, 'ILHAM HADI', '0110218039', '7500', 0),
(263, 'FIRMAN PERMANA', '0110218040', '5251', 0),
(264, 'INDRIA SANI MUSLIMAH', '0110218041', '9584', 1),
(265, 'FAUZAN ALDI ALFIANTO', '0110218042', '2085', 0),
(266, 'ANELKA LAZUARDI', '0110218043', '1841', 0),
(267, 'RIDWANSYAH', '0110218044', '7388', 0),
(268, 'IMAM GHOZALI', '0110218045', '3597', 0),
(269, 'HAMZAH', '0110218046', '3894', 0),
(270, 'ABDUL MALIK AMRULLAH', '0110218047', '8887', 0),
(271, 'LILIK TRIYAWAN', '0110218048', '8701', 0),
(272, 'MUHAMMAD ARDIANSYAH', '0110218049', '2491', 1),
(273, 'MUHAMMAD SIDIK', '0110218050', '7293', 0),
(274, 'AMIN MA\'RUF', '0110218051', '6663', 0),
(275, 'ANDRIANTO', '0110218052', '0375', 0),
(276, 'MUHAMMAD GHILMAN FIRDAUS', '0110218053', '0992', 0),
(277, 'MUHAMMAD RIFQI', '0110218055', '4333', 0),
(278, 'RAIHAN SA\'ID', '0110218056', '2400', 0),
(279, 'ACHMAD FIKRI ABDILLAH', '0110218057', '3565', 0),
(280, 'JUSTIS AULIA PRATOMO', '0110218058', '7039', 1),
(281, 'MUHAMMAD HARITS NUR HIDAYATULLOH', '0110218059', '9880', 0),
(282, 'MARLINA', '0110218060', '7912', 0),
(283, 'ABIDUN ALIM', '0110218061', '2609', 1),
(284, 'OMAR ABDALLAH', '0110218062', '3639', 0),
(285, 'ANDY CHRISMAN SIANTURI', '0110218063', '6960', 0),
(286, 'BAYU PRATAMA', '0110218064', '4322', 1),
(287, 'ALI REZA', '0110218065', '3564', 0),
(288, 'ABDUL FATHONI FAUZI', '0110218066', '8160', 0),
(289, 'MUHAMMAD SEPTIAN KHADAFI', '0110218067', '8634', 0),
(290, 'MUHAMAD FAKHRI KUNCORO MUKTI', '0110218068', '5379', 0),
(291, 'ADE TRIHADI SETIAWAN', '0110218069', '2975', 0),
(292, 'MUHAMMAD REYNALDI ALINAUNG', '0110218070', '5176', 0),
(293, 'MUHAMMAD HAFIZ LAKSONO', '0110218071', '4341', 0),
(294, 'MUHAMMAD IKHBAT AL HAZAMI', '0110218072', '6967', 0),
(295, 'MUHAMMAD RAIHAN PURWANA', '0110218073', '1134', 0),
(296, 'RAMADHAN FADILAH AKHBAR', '0110218074', '8298', 0),
(297, 'ALIF ZIDAN RAIHAN', '0110218075', '9821', 0),
(298, 'MUH. AHSANAL HUDA', '0110218076', '8036', 0),
(299, 'HILMI MAHDI', '0110218077', '0551', 0),
(300, 'RAFIAN NUR IHSAN', '0110218078', '0183', 0),
(301, 'IHZA ZAIDAN AFTHAR', '0110218079', '8763', 1),
(302, 'TEGAR BUDI SANTOSO', '0110218080', '4542', 0),
(303, 'ANGGI YUDHA PRATAMA', '0110218081', '4383', 0),
(304, 'M RIZAL RIVAI MALA', '0110218082', '4831', 0),
(305, 'MOCHAMMAD RIZKY MAHESA', '0110218083', '8233', 1),
(306, 'KEVIN DZAKI FAHMI', '0110218084', '0735', 0),
(307, 'ERDI AL KAUTSAR', '0110218085', '9871', 0),
(308, 'NABILA YUANI', '0110218086', '6998', 0),
(309, 'EKO DEPA NUGRAHA', '0110218087', '9775', 0),
(310, 'FITRA ABDUL GOFUR', '0110218088', '2516', 0),
(311, 'PRIAMBUDI EKA BAYU WIBOWO', '0110218089', '4026', 0),
(312, 'FAUZAN NUGRAHA DAULAY', '0110218090', '9189', 0),
(313, 'ABDILLAH SAGIF', '0110218091', '0870', 0),
(314, 'GIAN ATHALLAH', '0110218092', '1667', 0),
(315, 'MUHAMAD AFDHAL', '0110218093', '7358', 0),
(316, 'BOBI ADITYA', '0110218094', '1408', 0),
(317, 'IZZUDDIN HANAN HAWARI', '0110218095', '2439', 1),
(318, 'ABDUL AZIZ MUHAMMAD K.', '0110218097', '3690', 0),
(319, 'SYAHRAH DIHANI', '0110218098', '0663', 0),
(320, 'ANDRIANA DWI HASTANTO', '0110218099', '5621', 0),
(321, 'FIKRI MUHARAM', '0110218100', '2081', 0),
(322, 'USAMAH', '0110218101', '7343', 1),
(323, 'HAIKAL AHMAD ROBBANI', '0110218102', '3172', 0),
(324, 'MUWAHIDUN ASYAKARI', '0110218103', '9854', 0),
(325, 'ALWAN ALAWI', '0110218104', '6791', 1),
(326, 'MUHAMMAD MIPTAHUL FALAH', '0110218105', '1390', 0),
(327, 'TEDI ARIPIN', '0110218107', '9864', 0),
(328, 'HASANUDIN', '0110218108', '2217', 0),
(329, 'Sella Rabila Maudi', '0110218109', '0190', 1),
(330, 'HABIB NUR FATHAN', '0110218110', '2133', 1),
(331, 'CORONA MUHAMMAD IQBAL', '0110218111', '6581', 0),
(332, 'ANWAR SANUSI', '0110218112', '4837', 1),
(333, 'MUHAMMAD HAFIZ RAFSANJANI', '0110218113', '5223', 0),
(334, 'MUHAMMAD ZULFIKRI', '0110218114', '6358', 0),
(335, 'Hanief Fathurrahman', '0110119001', '4174', 1),
(336, 'Redi Ramdani', '0110119003', '1040', 1),
(337, 'Diva Hermansah', '0110119006', '5499', 0),
(338, 'Aldo Aleyandra', '0110119007', '2052', 0),
(339, 'Anton', '0110119009', '7962', 0),
(340, 'Yusuf Sidiq', '0110119011', '9441', 1),
(341, 'Rizqi Ikbal Septyan Munawar', '0110119013', '1131', 1),
(342, 'Muhamad Fauzan', '0110119015', '4236', 0),
(343, 'Anis Restu Septiyani', '0110119017', '4764', 1),
(344, 'Nurani Oktavia', '0110119018', '4643', 0),
(345, 'Syadza Qonitah', '0110119020', '0660', 1),
(346, 'Essa Nadya Vantyca Ingesania', '0110119021', '1589', 1),
(347, 'Windi Andriani', '0110119023', '1813', 1),
(348, 'Musthafa Akhyar', '0110119024', '8251', 0),
(349, 'Zakiyyah Wardah', '0110119025', '1166', 0),
(350, 'Muh Adi Yasar', '0110119026', '0012', 1),
(351, 'Syahrul Kirom', '0110119027', '2345', 1),
(352, 'Jusman Ali M.kabes', '0110119029', '4295', 1),
(353, 'Nur Hidayah', '0110119030', '2664', 0),
(354, 'Erikal Peratama', '0110119032', '5962', 0),
(355, 'Rizki Putri Solikhah', '0110119033', '9867', 0),
(356, 'Ridho Akbari', '0110119034', '0395', 0),
(357, 'Umini', '0110119036', '8508', 0),
(358, 'Muhammad Azzam Fikri', '0110119037', '5226', 0),
(359, 'Ahmad Farisy', '0110119039', '7577', 1),
(360, 'Haqqi Muh Sahal', '0110119040', '7661', 0),
(361, 'Abdurrauf Zahid Hanafi', '0110119041', '3754', 0),
(362, 'Amanah Afifah', '0110119042', '9483', 0),
(363, 'Evylia Yanuar Laily', '0110119043', '5827', 1),
(364, 'Alfian Juliyanto', '0110119044', '3506', 0),
(365, 'Muhammad Rafi Syaamil', '0110119045', '8660', 0),
(366, 'Andika Nur Sasmito', '0110119046', '8971', 0),
(367, 'Muhammad Sayyid Fadhilah', '0110119048', '5826', 0),
(368, 'Nur Liza Wali', '0110119049', '2524', 0),
(369, 'Sartika Amalia Fauzia', '0110119050', '9247', 0),
(370, 'Tina Buton', '0110119051', '2527', 0),
(371, 'Muhammad Fakhrurrozi', '0110119052', '3614', 0),
(372, 'Joko Tri Aryanto', '0110119053', '4073', 0),
(373, 'Mun\'am Wildan Abdi', '0110119054', '2116', 0),
(374, 'Muhammad Hanif', '0110119056', '7551', 0),
(375, 'Annisa Lusyani Zahra', '0110119057', '1008', 0),
(376, 'Annisa Nurul Kazhimah', '0110119058', '1749', 0),
(377, 'Lutffiyah Najah', '0110119059', '8089', 1),
(378, 'Sukmayaji', '0110119060', '7456', 1),
(379, 'Abdul Rozak', '0110119061', '2251', 0),
(380, 'Fazlur Rahman', '0110119064', '5503', 0),
(381, 'Arina Sholiha', '0110119065', '9320', 1),
(382, 'Syachdat Akmal Alkahfi', '0110119066', '4868', 1),
(383, 'Annisa Rusydah', '0110119067', '7955', 0),
(384, 'Akmal Maulana', '0110119068', '1770', 0),
(385, 'Tia Monika', '0110119069', '3520', 1),
(386, 'Bondan Glenndy Shyafiq Nugroho', '0110119070', '8358', 0),
(387, 'Septyan Widiyanto', '0110119072', '0263', 1),
(388, 'Zulfah Abbiyah', '0110119073', '1122', 1),
(389, 'M. Umar Fazri', '0110219001', '2031', 1),
(390, 'Rizki Maulana', '0110219002', '0831', 1),
(391, 'Muhammad Fajar Ramadhani', '0110219003', '0970', 1),
(392, 'Ayu Widya Ningrum', '0110219004', '6258', 1),
(393, 'Sidiq Permana Putra', '0110219005', '3536', 1),
(394, 'Ade Fikri Ramadhan', '0110219006', '4759', 0),
(395, 'Nunik Zain Suroya', '0110219007', '5392', 1),
(396, 'Hanifah Nurul Muthmainah', '0110219008', '8271', 1),
(397, 'Muhammad Yusuf Salman', '0110219009', '8558', 1),
(398, 'Abdul Aziz', '0110219010', '4473', 0),
(399, 'Hilman Yahya Muhaimin', '0110219011', '3703', 1),
(400, 'Renaldi Alfi Syahar', '0110219013', '2595', 1),
(401, 'Khairul Huda', '0110219014', '8639', 1),
(402, 'Yahya Dipraja', '0110219015', '3304', 0),
(403, 'Risyad Miftahul Falah', '0110219016', '1894', 1),
(404, 'M. Hamzah Rahmatulloh', '0110219017', '2563', 1),
(405, 'Faturrohman', '0110219018', '2262', 0),
(406, 'Angga Kusuma Putra', '0110219019', '7649', 1),
(407, 'Yusuf Fadillah', '0110219020', '0714', 1),
(408, 'Supriyanto', '0110219021', '6752', 1),
(409, 'Fiki Alamsyah', '0110219022', '7428', 1),
(410, 'Moh. Sodik Fikri', '0110219023', '8902', 1),
(411, 'Desmon Elvin Susanto', '0110219025', '0964', 0),
(412, 'Neni Nurhaeni', '0110219026', '9600', 1),
(413, 'Rian Hidayat', '0110219027', '7380', 1),
(414, 'Abdul Tholib B.M', '0110219028', '8074', 1),
(415, 'Khoirunnisa', '0110219029', '4579', 1),
(416, 'Ardelingga Pramesta Kusuma', '0110219030', '9739', 1),
(417, 'Imam Safi\'e R. Patiran', '0110219031', '8581', 0),
(418, 'Zahra Atikah Rahmah', '0110219032', '3331', 1),
(419, 'Asep Sahrudin', '0110219033', '1156', 0),
(420, 'Arizal Nur Islachuddin', '0110219034', '9227', 1),
(421, 'Yana Efendi', '0110219035', '2591', 0),
(422, 'Dendi Setiawan', '0110219036', '8615', 1),
(423, 'Muhammad Rafi Maulana', '0110219038', '6651', 1),
(424, 'Rahmansyah Kurniawan', '0110219039', '0287', 0),
(425, 'Dika Muharman Kardinal', '0110219040', '9201', 1),
(426, 'Jasmine Rifdah Nafilla', '0110219041', '1878', 1),
(427, 'Asep Samudra', '0110219042', '4783', 0),
(428, 'Muhammad Baihaqi', '0110219043', '4712', 1),
(429, 'Muhammad Usamah', '0110219044', '6811', 0),
(430, 'Muhammad Nur Faiz Alfi', '0110219045', '1980', 0),
(431, 'Ahmad Hafid Farhan', '0110219046', '9157', 1),
(432, 'Ficri Hanip', '0110219047', '9435', 0),
(433, 'Mochamad Lutfi Gunawan', '0110219048', '7108', 0),
(434, 'Rijal Azka', '0110219049', '1843', 1),
(435, 'Ajeng Syechan Nadifa', '0110219050', '6827', 0),
(436, 'Muhammad Ridho Hafidz', '0110219051', '3472', 0),
(437, 'Muhammad Sya\'bandi Abdillah', '0110219052', '1551', 1),
(438, 'Muhammad Hary Irfandi', '0110219053', '7099', 0),
(439, 'Wildan Nur Alif', '0110219054', '3752', 0),
(440, 'Faiz Ahmad', '0110219055', '6574', 1),
(441, 'Sulthan Falah Fadhilah', '0110219056', '3298', 0),
(442, 'Muhammad Jiddan Robbaani', '0110219057', '0947', 0),
(443, 'Faris Ar Rasyid', '0110219058', '7727', 1),
(444, 'Ahmad Ginanjar', '0110219059', '6448', 1),
(445, 'Muhammad Azzam Nur Alwi Mansyur', '0110219060', '0480', 0),
(446, 'Abdul Fattah Ismail', '0110219061', '1372', 0),
(447, 'Muhamad Ilham Pratama', '0110219062', '6439', 1),
(448, 'Badrul Akhyar', '0110219063', '6494', 1),
(449, 'Rizky Aprinanda', '0110219064', '8356', 1),
(450, 'Ulumudin', '0110219065', '3762', 0),
(451, 'Haba Qiestha Khaira', '0110219066', '1795', 0),
(452, 'Yahya Mursyid Robbani Ahmad', '0110219067', '4918', 1),
(453, 'Achmad Izhar', '0110219068', '3930', 0),
(454, 'Muhammad Pasya Fadillah', '0110219069', '4242', 1),
(455, 'Rista Fauji Nafsir', '0110219070', '8550', 1),
(456, 'Fazriyansah Ahmad', '0110219071', '5535', 1),
(457, 'M. Rafli Edka Putra', '0110219072', '1363', 1),
(458, 'Fauzan Ilyas', '0110219073', '3973', 0),
(459, 'Roni Setiawan', '0110219074', '6618', 0),
(460, 'Wangsit Hardianto', '0110219075', '7504', 1),
(461, 'Muhammad Rasya Hakim', '0110219076', '4309', 0),
(462, 'Musthofa Ali Firdaus', '0110219078', '6469', 1),
(463, 'Hani Aulia Fathin Nada', '0110219079', '3418', 1),
(464, 'Muhammad Shayid Vedawynne', '0110219080', '2449', 0),
(465, 'Fathiah Alhabsyi', '0110219081', '6930', 1),
(466, 'Naufal Hilmy Y.P', '0110219082', '6114', 0),
(467, 'Ahmed Rayhan Primadedas', '0110219083', '2182', 0),
(468, 'Hisyam Khowarik', '0110219084', '0173', 0),
(469, 'Rafi Ramadhana', '0110219085', '4132', 1),
(470, 'Ammar Mubarok Robbani', '0110219087', '5957', 1),
(471, 'Alfin Adi surya', '0110219088', '6838', 1),
(472, 'Irfan Hisbullah', '0110219089', '8414', 1),
(473, 'Yazidul Yasar', '0110219090', '9199', 1),
(474, 'Amirul Kurniawan', '0110219091', '1778', 1),
(475, 'Ridho Musyaffa', '0110219092', '5656', 1),
(476, 'Muhammad Ramadhan', '0110219094', '1874', 0),
(477, 'Nur Muhammad Wafi', '0110219095', '5667', 0),
(478, 'Reza Cahyo Wibowo', '0110219096', '2973', 1),
(479, 'Zaid Hilmi', '0110219097', '4653', 1),
(480, 'Fajar Hidayat', '0110219098', '3895', 0),
(481, 'Diky Faisal', '0110219099', '2310', 0),
(482, 'Fajar Firdaus', '0110219100', '5387', 1),
(483, 'Alwan Dwi Putra', '0110219101', '7333', 0),
(484, 'Daffa\' Zuhair', '0110219102', '4264', 0),
(485, 'Jilan Finian Kilani', '0110219103', '3143', 1),
(486, 'Mubdi Hariyanto', '0110219104', '0624', 1),
(487, 'Yozi Berlianda', '0110219105', '6188', 1),
(488, 'Muhammad Sis', '0110219106', '3606', 0),
(489, 'Syahrival', '0110219107', '3751', 0),
(490, 'Rani Purna Gunawanti', '0110219108', '2968', 0),
(491, 'Muhammad Fatih Albanna', '0110219109', '0696', 0),
(492, 'Muhammad Irsan Khalish', '0110219110', '3900', 1),
(493, 'Hangga Kristanto', '0110219111', '9107', 0),
(494, 'Rahman Arif', '0110219112', '6158', 0),
(495, 'Abdul Ghani Adyan', '0110219113', '8070', 0),
(496, 'Alfian Muhamad Rizal Yuristya', '0110219114', '1379', 1),
(497, 'Amar Jihad Islami', '0110219115', '3318', 0),
(498, 'Annisa Nur Rohmah', '0110219116', '2891', 0),
(499, 'Muhammad Aji Bayu Purbaning Katon', '0110219117', '5092', 1),
(500, 'Adi Wahyudi', '0110219118', '0036', 0),
(501, 'Yovie Yuliani Cedli', '0110219119', '6554', 0),
(502, 'Muhammad Agung Saputra', '0110219120', '6148', 1),
(503, 'Aripin', '0110219121', '0416', 1),
(504, 'Aji Soubari', '0110219122', '4768', 0),
(505, 'Febryan', '0110219123', '5934', 1),
(506, 'Muh Taufik Hidayat', '0110219124', '4282', 1),
(507, 'Fajar Dwi Saputra', '0110219125', '1195', 1),
(508, 'Serly Oktaviani', '0110219126', '4489', 0),
(509, 'Abdul Maulana', '0110219127', '5815', 1),
(510, 'Ziyad', '0110219128', '5409', 0),
(511, 'Fathan Mubin', '0110219129', '4958', 1),
(512, 'Fani Adi Frihandoko', '0110219130', '0148', 1),
(513, 'Sultan Ramhadi', '0110219131', '3401', 0),
(514, 'Amelya Fijriyanti Nur\'aniza', '0110219132', '5611', 1),
(515, 'Iqbal Assegaf', '0110219133', '4053', 1),
(516, 'Agung Priyo Sembodo', '0110219134', '5974', 1),
(517, 'Derren Dwi Sukrillah', '0110219135', '7761', 1),
(518, 'Marion Yasin', '0110219136', '5063', 1),
(519, 'Fadkhulil Imad Haikalhuda', '0110219138', '3674', 0),
(520, 'Admin', '99999', '99999', 99);

-- --------------------------------------------------------

--
-- Table structure for table `peserta`
--

CREATE TABLE `peserta` (
  `id` int(11) NOT NULL,
  `calon` int(11) NOT NULL,
  `suara` int(11) NOT NULL
) ENGINE=InnoDB DEFAULT CHARSET=latin1;

--
-- Dumping data for table `peserta`
--

INSERT INTO `peserta` (`id`, `calon`, `suara`) VALUES
(1, 1, 146),
(2, 2, 77);

-- --------------------------------------------------------

--
-- Table structure for table `voting`
--

CREATE TABLE `voting` (
  `id` int(11) NOT NULL,
  `pemilih_id` int(11) NOT NULL,
  `peserta_id` varchar(255) NOT NULL,
  `waktu` timestamp NOT NULL DEFAULT current_timestamp()
) ENGINE=InnoDB DEFAULT CHARSET=latin1;

--
-- Dumping data for table `voting`
--

INSERT INTO `voting` (`id`, `pemilih_id`, `peserta_id`, `waktu`) VALUES
(1, 210, '$2y$10$orh4vbsDhwUxeBTXdHaizeSIpwgGpvgLneyyulSykBDSJjC4K.imu', '2020-01-18 05:16:18'),
(2, 190, '$2y$10$se7dZ490t3gt8NeK9Gxh2uoPeQqZTXZQ35jipvZTidzYzsHF65NWO', '2020-01-18 05:17:14'),
(3, 180, '$2y$10$XBR0O8o6zInXqcwkGYlFzOhwyrirv4wHkIMY6zsqCeYvenpxH9qI6', '2020-01-18 05:18:07'),
(4, 188, '$2y$10$BBL/N8bw3fKUr1KGWt4XQOki7fEqrgE3YVvpUYoU3oWOuj/4RUyEG', '2020-01-18 05:18:23'),
(5, 177, '$2y$10$IlYhJHjCpa7xmW6waST.keAMoDeJvUs9/UBRiCR9pqO6OcPs.HULO', '2020-01-18 05:18:37'),
(6, 189, '$2y$10$e57zyH0aGu5ouooxhZ8S8.lOOiJDjjOttu/o0mB5t74IubgEnKNo2', '2020-01-18 05:19:39'),
(7, 196, '$2y$10$Ov.AAJwIXbpBArS9T.t5jO0rJgUvnXK8CYW.SXhTxzdq/E1XyCnp6', '2020-01-18 05:20:20'),
(8, 187, '$2y$10$lcje7saTubJWdVnul2KpkulQ6ZHmwHySdHp7hl9BeVifx4iVcTSaq', '2020-01-18 05:20:55'),
(9, 213, '$2y$10$2S2UdAd6trkdVFhDUnlNd.R3.4LSZYF1cIujMKYdV5D4B9PJlMexS', '2020-01-18 05:21:14'),
(10, 202, '$2y$10$RCdlJX7B6OORWhnwcCalfO739ICvXY92aVFLM9jVYjkbjI3/wIdlm', '2020-01-18 05:22:22'),
(11, 183, '$2y$10$3t0FzGzI6HqnX/VRWVxf8O./dw7YC8BrLu3X37lKwLoVl1a6Vrv/e', '2020-01-18 05:27:29'),
(12, 224, '$2y$10$53EvW6X.bIWDO7oLe.oxguDpOgsUyFHZbHTVoa5u1EvnuE.Uuk9Za', '2020-01-18 05:28:20'),
(13, 186, '$2y$10$c2VPAmwzLzMRFyl3rBCiUuCFVTj456SS64dDsj545hin9bQQzIYta', '2020-01-18 05:28:50'),
(14, 182, '$2y$10$DHf6vQYEbc7kpx63enAY2ODrvhvLbpDHOodvvH9hz7OcR3z.glU/u', '2020-01-18 05:29:44'),
(15, 79, '$2y$10$He9uZSblGn2mZ8DmjE7hjeeuDbmaVOdUKNGP.i1jDku5JZ1zYdJRe', '2020-01-18 05:34:46'),
(16, 49, '$2y$10$N3laOgICoRHY0pQamgPbSO3x2XEexwCHHlFut38LS/R1kXxPvbdrO', '2020-01-18 05:35:18'),
(17, 414, '$2y$10$Jzqr0yA0ofddxhqC9FCRb.6JlalJOS66GQSGbNvJjzLlHRqYmnGvW', '2020-01-18 05:40:33'),
(18, 503, '$2y$10$d.zNLjZ/yzLXqWrRZ9cqxeyA3wCnBcQ2m0S.b1XQAx/3CyeFXMivy', '2020-01-18 05:40:51'),
(19, 518, '$2y$10$Rmt2o6C/8oSEEHGXlj7tBeqEyq3uknS.kG40m0ic1QoA8tVN5P0pC', '2020-01-18 05:41:28'),
(20, 472, '$2y$10$Ad74i/.16Cxd/K7p3q9Kouvf9exe.8Be0LcXsgdtLfFZokIOm/LLa', '2020-01-18 05:42:17'),
(21, 473, '$2y$10$Vb6NtgSo4TJZCQb7NXL/H.a1JwkKPKqQwtA1/XGfig0/wjQ5n5OEy', '2020-01-18 05:44:11'),
(22, 471, '$2y$10$oQVH05teRXsS.lFTcu2zz.FOAuFjLLg./9u4cV5V205wdKIzJNVzm', '2020-01-18 05:45:07'),
(23, 416, '$2y$10$u4q6Y0Nj5la7lM4rMJk.TOxo09TusH3GX4uAxbIzeMa3GmJ76En4O', '2020-01-18 05:45:15'),
(24, 507, '$2y$10$ft7EIJVb8x9Xbzm0Vuk2jeWwbzBGEjxu9KoqYUqvZceC6bX/XXrEO', '2020-01-18 05:47:00'),
(25, 410, '$2y$10$7y8M3IVr2ID7230i3Xnhy.9Z.yYbfOG8GjkpUheNYRuIZpkcEE9Mi', '2020-01-18 05:47:15'),
(26, 511, '$2y$10$7hRDdm65zoNvW5cv2tfiduw6HEsFWY75Win96L/iXtZaOnLfpjBHm', '2020-01-18 05:47:47'),
(27, 38, '$2y$10$95G4lJ5bJcZJayDyf7unEuu7ElZd9Dyap8JLSBg5wmnKHAJ4qt9/6', '2020-01-18 05:48:32'),
(28, 31, '$2y$10$mfvztdwwuIVxcOEFMG7pEuBEEqVQDcGG4zAPvgbUnyvVU3QsAc.3a', '2020-01-18 05:48:33'),
(29, 18, '$2y$10$TifT.F45HYfNB7zsmM2v4OCWLeBaMj92TSqcdAX1sqyQsCsE2Zena', '2020-01-18 05:49:10'),
(30, 434, '$2y$10$FWQEWMHELvVYRmI22rVUFOxuV7PnrTASRBxXbvXCJWKUETorbv2uO', '2020-01-18 05:50:23'),
(31, 449, '$2y$10$LCkyB3miMjZuZhrLUAvfz.kKuJ1mMGvXYTAsYj6hwGeEqp3GxEV72', '2020-01-18 05:52:25'),
(32, 108, '$2y$10$gRNNlr.u2IZCv12zcm/G1urPS3WUT9OfzYX..aL33MJdwW2UPHLh6', '2020-01-18 05:56:46'),
(33, 117, '$2y$10$9e9tAzIiMxV8E4ggA8ZUFuSBq4IHfl1YFbGfdkA8G2vB/8yB04dnC', '2020-01-18 05:59:21'),
(34, 113, '$2y$10$Zj60UGSeIaWYsQUYPiX82.Hd2vFjnTnU5fs0iZxD6LZ8LzCDvUfJC', '2020-01-18 06:00:26'),
(35, 17, '$2y$10$v9KCo/3HbqKONpEZGjMHMOkgn39GJufNs6LfesZThLS8RobRUnAsG', '2020-01-18 06:04:53'),
(36, 11, '$2y$10$uyDRj2KHmlVNUfnY./YGYu9U0VUGIAkhJdUOA6WmseFSo4W8mK/Ca', '2020-01-18 06:06:15'),
(37, 114, '$2y$10$stw1Zm6XGPVAnfOYXdR6uegFWaxV0YMNzByr04zbPgHrjSYoV4Uwa', '2020-01-18 06:09:16'),
(38, 107, '$2y$10$thQ/EpKSWSZaMeawE5wrbeM2UX4Y4vJSm5sgquBGohTlyECSs6Q1C', '2020-01-18 06:10:05'),
(39, 165, '$2y$10$COdIlhuheuc7nlNhUD.ZO.Hh/homdTJaP1B3dyfN.kWnHs8jTIt2y', '2020-01-18 06:10:56'),
(40, 27, '$2y$10$8DMByLa0gPjFmkQeifIvbe4AFhyFGY3oEWtPRNJ3NBKK2PPKLramq', '2020-01-18 06:15:09'),
(41, 23, '$2y$10$C/HJ4/kDSPFWN07B4gySo.6Bgfw1c9lxv54xvsOOqI3wf3Qu/ekSa', '2020-01-18 06:15:32'),
(42, 496, '$2y$10$5goZK/tM0szZgcrQ2C7Hle9e9j9magmQoQ4PX/p0J.1jpPUC1V6kW', '2020-01-18 06:33:25'),
(43, 422, '$2y$10$7k29oEr6N8VuthOwDrLnuuTHGh5ol2Ivo24ya5JL13fJIEyKxEpAG', '2020-01-18 06:33:32'),
(44, 505, '$2y$10$wwaQFnNr3MhovT7mkT9pPerIE0L8m9eJH/3eZ7ue1Nt5RZ/.wLe72', '2020-01-18 06:34:46'),
(45, 515, '$2y$10$WbXps1ATPCBchXGWg9vST.BtA8V3p3vCKFS8UQdWucQZgIEsVIn.G', '2020-01-18 06:37:07'),
(46, 474, '$2y$10$dGN7zgpTutUoIMPTBq8NU.AbZw4mAPs/evhhP9SvH8qu9TSTIkiVi', '2020-01-18 06:37:43'),
(47, 352, '$2y$10$NqueIy1BNpzFF16DdKrzuu6DnZFZ7HrGcRsGkvXh9.QVLXjNH9PTe', '2020-01-18 06:39:38'),
(48, 408, '$2y$10$1QARbmTc8acNF//bcEn2euxbf34aXqZLhwt7oztUJo5WLq0zt4CJG', '2020-01-18 06:40:08'),
(49, 387, '$2y$10$nITckaPpV5X3M8akl92oqeeqTaa0Ecu9aFIUGupUMkr.F4iCrGfpS', '2020-01-18 06:41:47'),
(50, 341, '$2y$10$iwzKNAUPIPeBYzko9UBwWeC.9ryLyJiLoIb3E.ktq95vN7NFZrM16', '2020-01-18 06:42:54'),
(51, 509, '$2y$10$fYVoMW20nvonfqvl6tpNneRWr5GVIsfXGuziJ31Q5TrSvbrDjdrEq', '2020-01-18 06:43:34'),
(52, 359, '$2y$10$4rSW1b2WUomObECD6EQPVeZKWXhnAsxhNIoWuYbxVOco3VNEmfkfW', '2020-01-18 06:44:35'),
(53, 325, '$2y$10$GBG0xX7fsrjnKkiJ5OJKIOzB9G8Mi6TjkGFoxdE.S6nsomS4pinNC', '2020-01-18 06:51:32'),
(54, 8, '$2y$10$GnHuUTtki7OG2v2Laz3siOm01B.R4GWuusH54Boz9oVLegycrl5Ea', '2020-01-18 06:55:13'),
(55, 29, '$2y$10$/pbGnYne1N5wA9/awMnnHOJI6QXzfgXwxzu8x6VCF4EQS0XuSZiGC', '2020-01-18 06:55:47'),
(56, 249, '$2y$10$dKlmzGWQr9RDxbEVNCNmu.qjTPeOPyMiTNUaRlRuaQ5n3Fy/tno1m', '2020-01-18 06:56:18'),
(57, 232, '$2y$10$f.3NkEeHG5egeWl8IiLw/.EqOCgO6pbajEkQqWjQ0Ii/7xDH/C0KS', '2020-01-18 06:56:38'),
(58, 2, '$2y$10$egP6bNicsbkM5YypViTahegLHZdFANxOZguND4E8DH7i5oQkqa8RS', '2020-01-18 06:57:16'),
(59, 25, '$2y$10$3qV1pT5Q9L1PpsikFhBsPeOiXbOIhiTAO0wB/eVp6CmWCK2KOYRQC', '2020-01-18 07:08:19'),
(60, 317, '$2y$10$SvsVmnVAK/K.jtkxxzNRrePGZh2PF.DgE8HYHrCpAgJpfn1d7kqYG', '2020-01-18 07:29:04'),
(61, 73, '$2y$10$B7DtfkXiHez5rLiyWdM8meo0FnpV/ksFDv4u6fk5oWMpW93EjGK.u', '2020-01-18 07:48:12'),
(62, 132, '$2y$10$vsaoXHfw7RFhMi3MBkHlXepWxkQQW7zkk3iYorUydkvLwwFE62Nmq', '2020-01-18 08:20:41'),
(63, 20, '$2y$10$9lzDgerJb/utJAq.655G6uXdEeylo2C6uQyBDgxH/1mrti0Oic88m', '2020-01-18 08:53:54'),
(64, 378, '$2y$10$8Cy.Y0jToMkjN8MYmPLywOsZvq85l6qPWoqpuZ.kYABThgOd5lWSK', '2020-01-18 08:58:25'),
(65, 506, '$2y$10$deYdSPi8k6ShNP15VrgSsOaNYZ.g7E19ZTEyQuaOy.jsBl2fk/4fS', '2020-01-18 09:00:29'),
(66, 45, '$2y$10$rVoDMlCdpnSMeKEExztNSe81c7ZM6fHfjaqEM8rP/eZMeWWArujGe', '2020-01-18 09:01:58'),
(67, 50, '$2y$10$YjAhwlH3iLIHDriVp4hdOevh7yCDNlQhzzZMxVteX47c/.cZELPtW', '2020-01-18 09:02:28'),
(68, 516, '$2y$10$/1rXfyxUwN2doij0Hund8edCdJLHJVlEu1ESOrvamiEu2exVN/eC.', '2020-01-18 09:02:55'),
(69, 332, '$2y$10$E1BhiVZlKviWfjMUSMPspuGsxv8/hcQzZyC/7iFgofFgbJuXJFyle', '2020-01-18 09:03:39'),
(70, 492, '$2y$10$9yrmJ.Qv3llQfGjxJXjvjuTdIGvR4O0VW95YQKljTfUSCQ3jAdq0C', '2020-01-18 09:03:57'),
(71, 499, '$2y$10$dfiI4jia8Y3yVzZCyyb5OO.tf9mPGkojqEnXu2yTWFe6rRhswdcvK', '2020-01-18 09:05:28'),
(72, 336, '$2y$10$s1/lFz9s9jH4oVqwH.w02OQZ9qZvpLoVOB6Y/DZYNhNDvqfsx55u.', '2020-01-18 09:11:52'),
(73, 415, '$2y$10$4TQJGZiGpn.oYgFlkeRJiuIXy33f6uEqShftt/Nsv9iMDYCEfia0y', '2020-01-18 09:16:52'),
(74, 343, '$2y$10$xIV31gUwjjCWEFHywy8XZOhOy.zZOj6zaI02.WHyrI9Oo/LFx1NMu', '2020-01-18 09:17:39'),
(75, 346, '$2y$10$PR0dKtPVBd6lpBgWJJA5GuF4KZUq19r16Xhvd1yVreAsBnDNb67fO', '2020-01-18 09:17:49'),
(76, 106, '$2y$10$cQSQ8XzxxMdn0U7NbvijIuin/et4h7qZG0cFfJRugXdE0zeRs7Vfq', '2020-01-18 09:18:46'),
(77, 159, '$2y$10$74EcXN8hwYfJoXgsRjhgfORnFYWrSGCCQJ4w5L.fFKGaQuXm2YUGi', '2020-01-18 09:23:53'),
(78, 127, '$2y$10$05jEpvesfv3c2LVrFIE5ie2wit2ZKsjLlUDFh0tVEI.U0VxQhLlRC', '2020-01-18 09:25:26'),
(79, 152, '$2y$10$dQTD2kR3vzISsGnmJTrCuOQqHCP6uYNkjkp4J6v.MW5l6uvZ1Z1OW', '2020-01-18 09:26:20'),
(80, 211, '$2y$10$q3lPNF1PB84XXUcKE3j/nuavsvIm867/26aVO9T3HPzkJpwWotgky', '2020-01-18 09:28:23'),
(81, 397, '$2y$10$PBn4577BhzvfCHtZa44k2uTt1OnmVBEIQN/5IPdyhfhdu0J/0H1Qa', '2020-01-18 09:30:11'),
(82, 301, '$2y$10$MIiCoC0vVQoIiRtTzF99C.qUSgvcjxHtmB8l7jdxY9Wbh8H09c5My', '2020-01-18 09:32:37'),
(83, 94, '$2y$10$w4rUtoBrVzt/ub95SoNHzuJDAw49GrPVGrvJD9CdVr2ZXSDockn0.', '2020-01-18 09:33:39'),
(84, 389, '$2y$10$OYl/6yKN8YfhfjhlY/mZPuBNOoah33B8kIku.bhOLhEL8.62xoq2O', '2020-01-18 09:37:04'),
(85, 154, '$2y$10$e4MR8qDVvvvQ4SB37GJONOPCljdylQUr3/GL1dlAmncpxUEy2INN6', '2020-01-18 09:38:26'),
(86, 84, '$2y$10$ESEde7ddN2NfBv0gjt14x.jY66oAQ4mlOtpE96JN8HZ5TC2BiyDl6', '2020-01-18 09:39:30'),
(87, 85, '$2y$10$oryGdQXjhTPD6LitxW1KVeKCTgt2rxfUkYfdaXncK0hsd.s8o12Za', '2020-01-18 09:41:50'),
(88, 83, '$2y$10$CRFGce.CHuL2rJ.P.u4vJuyitIHJquAecgLX.5Ox9/wN6tjbTa3Zu', '2020-01-18 09:41:58'),
(89, 280, '$2y$10$g4fFYUHKwgMsFOd189/cAOD.HvKHp3VF7fhlv9KQGF4uMV7XY/0yS', '2020-01-18 09:43:20'),
(90, 351, '$2y$10$L318N44XbbOwCw76IkkZ7u24iDaWdY8D7pwgLTwBs/P3WWH3bZPQ2', '2020-01-18 09:43:29'),
(91, 264, '$2y$10$yP6MCmJcmWUB0C9TBMX4te.zRuKY2Hf6RUAILl.fJV8Wi1gGL3fCK', '2020-01-18 10:20:42'),
(92, 140, '$2y$10$vdTz8Cl.OlZwrOj/HhxKfuTWvAyT5rVz8hSK8U9bZmM2hvDfS1ee6', '2020-01-18 10:22:41'),
(93, 400, '$2y$10$cZOTO8syfoSJ52cBaA.CnOiK6zqO78oyZXDkSpdWJaOmFmFW9MUc.', '2020-01-18 10:47:14'),
(94, 399, '$2y$10$ZOODHtgXe2uRCuQlbs8lneBesDYohQTrMie4Tvdy/oKFItGwHTtF2', '2020-01-18 10:50:27'),
(95, 393, '$2y$10$WmFjn/i23ykdGNo1lOl2vuL45Dzd96pjpxBybzVQV6UzoDRR9mV0O', '2020-01-18 10:52:03'),
(96, 502, '$2y$10$dpvZ0la7izSJBiwwLvPYqe461NXijt2gA7LZcOgMvvJaPFSHsVjt6', '2020-01-18 10:52:56'),
(97, 396, '$2y$10$eLA8qPmTMbD4ZMM0oUcSA.hueFbVWP1GMJUfNfaZwE0uXAJf1Hi2C', '2020-01-18 10:54:02'),
(98, 514, '$2y$10$dytEeD/woFGN/GF4u0R7qe3uu8kiFvy0PbQV1Qo7IzEy3y5EEQo92', '2020-01-18 10:55:11'),
(99, 395, '$2y$10$WmlQy1niesAeWfo97dxZp..U0KuCuuvoDebVi/v5FUtNWoDDNHbH2', '2020-01-18 10:55:38'),
(100, 104, '$2y$10$qmISODL3qRYtybnD5nhj4.27tjHiy5w//IdicOra1OYEE4zV/wZh.', '2020-01-20 02:49:43'),
(101, 101, '$2y$10$MTg1nKMtBzeMJY8lMG5st.1A/GatP8OPBI2Y/kp1FbBuQnGwO.5vO', '2020-01-20 02:53:57'),
(102, 283, '$2y$10$j2mw8ojEvbl41d9DljNPDuDlEl5IRPXe1NOn8kU.BOokif8u4NY7.', '2020-01-20 02:54:03'),
(103, 120, '$2y$10$H9mFjB3vpO9HlnngfanCKukUBq04b9fCrOdYGN3knUi6l59FwzTJm', '2020-01-20 02:55:31'),
(104, 350, '$2y$10$8bEQtDaS7Gp60LGlVkTB1eYEpkZJfeR5U/dFyGloWlqYaxAxmQLCu', '2020-01-20 03:00:19'),
(105, 139, '$2y$10$EMAxPbzd2E3ZVGqRNlYjyuf/amHtJWibRqPewwn9MPd6LZ3W0QNsG', '2020-01-20 03:03:51'),
(106, 207, '$2y$10$FaW.ji8uHibHnTKPb8lA8OHu/KDEwlPmwR/UMNU3LLIA2nzKAcJiO', '2020-01-20 03:05:57'),
(107, 340, '$2y$10$3TTBhuSuwF.WHuVphIph2uIwKU2zpvMM.vmJbfXvBsfiyTQJD.5NS', '2020-01-20 03:13:33'),
(108, 457, '$2y$10$5JRLP/rlRR3cXcemTglpzOVM7n0YW3ExQi3kCcz3SyDbI3mbH1UBm', '2020-01-20 03:46:16'),
(109, 431, '$2y$10$g1nsY8j0cBAw7zGnMRmyfeVcg1u9MC3TVxoYNhndaAbqamo2o.PuW', '2020-01-20 03:46:40'),
(110, 28, '$2y$10$tYj.nM7kq.GvbSBw.KL.Jegms9I1y5MYYJ7FK.xqwPl.wtf6eB/Hq', '2020-01-20 03:47:31'),
(111, 377, '$2y$10$z3V4ijwEXGNzhUs1n/vo4.vRxSGYVlwZ5rLDwSxOlt4vCc7kPhHl6', '2020-01-20 04:03:52'),
(112, 347, '$2y$10$DbsomLpYBrHV.Swof0h9bezOpMKpcIffq2vVWZSVZz7G5TTnWmWcO', '2020-01-20 04:03:55'),
(113, 345, '$2y$10$4BLuFH23okFcjvIRrqVeGeUPfFr2FWTcN1M3DBStWJmtahX0PNQBW', '2020-01-20 04:04:58'),
(114, 487, '$2y$10$kRDz2dJjZ7.9wjat6/Mcb.9hMSPSiiFLnWo5JC2YdKnrou2M0hITO', '2020-01-20 04:05:00'),
(115, 254, '$2y$10$TWs86UkbPv/f.O/WoxtZ6uftuIRSoAcVZE10JWBvMpwhkiAr3P8rS', '2020-01-20 04:05:56'),
(116, 216, '$2y$10$7a49tOQ6ba/0s1wJr13toeYdTyI52xz3Cm.LGuyGkdiBS4z.XlYaq', '2020-01-20 04:06:03'),
(117, 258, '$2y$10$V506IEH06J6JFyW5fzPCGuc9SKtrg9AFt6PKgP/wgIMM3vzMO31aS', '2020-01-20 04:28:46'),
(118, 305, '$2y$10$BnlwbaQ9FIaxWEnImeQUQeAFC6/xafXNkcpN65g2oVEwRu9hjRD6K', '2020-01-20 04:45:40'),
(119, 137, '$2y$10$h01EZfXcMGwNv7TOOWx6ZOkwCMw1xHPTc5pcQ05cQ30sQX/UlpqHG', '2020-01-20 04:46:19'),
(120, 485, '$2y$10$XF2mj8Cpt.1QZ7W/mAr/IeqQjR3o.dkoZUZoasPUS/UniL7uWbCA.', '2020-01-20 04:50:19'),
(121, 486, '$2y$10$kbtg6QRdQx23TgQORVENg.SqGrKry.sKeBFEiITz/AZ7rOXnBuy4e', '2020-01-20 04:50:28'),
(122, 406, '$2y$10$93y53YuU1UQgS6uPRrL98eneTqI5Vy5QRkVlPZwXl8ymYulC9qiOi', '2020-01-20 04:51:03'),
(123, 425, '$2y$10$WU3rsRrXaBlanHoNdJOkXeKz2aKqtVA2KOfsLf/sLM7OkzI.J7XEG', '2020-01-20 04:52:04'),
(124, 475, '$2y$10$phRf.sL1fYEXvY4yWFBMv.MUUSqZRpirAneQA5k1J8RgPJlOPKoZy', '2020-01-20 04:53:20'),
(125, 390, '$2y$10$VhHwXG7N03AIHoRFncJjzuvibkkQOPsULk4p9hN6E9NMU1EbZOXN6', '2020-01-20 04:53:41'),
(126, 470, '$2y$10$42hgDk77cjdinpcNwoNrAOSvYoX9uS0SefVfEqXj7KwXDx.Tougc2', '2020-01-20 04:55:03'),
(127, 440, '$2y$10$77cF/MYeHNaQQJUIicHMGeVlVEAH3Zv3vldkhokpkjbJFUaMt5Jmm', '2020-01-20 04:55:11'),
(128, 443, '$2y$10$Iga3OFRLcscCSlKibnQjLuXTyXzpIFNUe9eLH.adifRb1YTnGLPRC', '2020-01-20 04:56:52'),
(129, 407, '$2y$10$EWt7BRX2t3RV0IsWuRAkre8/m0EMGdfL8XY2nheiE4u98UkRsxfnK', '2020-01-20 04:56:59'),
(130, 423, '$2y$10$DWizujV2tkolHg6iCr/AUeHX1Ge5y05EI0anIaQJ9UYobfpGWla8i', '2020-01-20 04:57:43'),
(131, 455, '$2y$10$w0RWGpXgo4EyAzjrZhxT.eOuY5VqfHWReLlmoBEyvIRvp3kQd2ue6', '2020-01-20 04:58:00'),
(132, 444, '$2y$10$qCNh/yU6RPBbAWT9y4j1IumDGIPE7DGxt7ArlIzdsU0NzJJ5pjYbu', '2020-01-20 04:59:02'),
(133, 482, '$2y$10$MTcpTiEUmmzvQJ2aqj2YYOBM0nfFIj4MSina7fsUkQNhPzveZw38i', '2020-01-20 04:59:03'),
(134, 170, '$2y$10$PvdZt7BjFJ1U/8lC/neMRe1cui581N0ennD8jaH.M8iJkVWpflCpK', '2020-01-20 05:00:06'),
(135, 204, '$2y$10$8N7zAWhmV04xJcejrsJisus/U4DLXbVat/mIisU3jfAuUXUSFmoHW', '2020-01-20 05:00:15'),
(136, 248, '$2y$10$.v3iwfNaqOLKfT.rPAGn8.ZzGb/TmmwQ9chMZo52jYGm0l0s.fJKC', '2020-01-20 05:01:09'),
(137, 92, '$2y$10$VgCRXbziNnuA4vcfmGdixOJEeRsXq8tYnXOfmnavkYoQdAQxu8WSS', '2020-01-20 05:01:21'),
(138, 447, '$2y$10$TLSFrBiAQQsgHQG6DhmNTulZxalEbnbL.cit1ti3nEYaBIzjbkMtu', '2020-01-20 05:03:08'),
(139, 409, '$2y$10$G298KnGhhSYU2iN6YwIQ1uCoPcClM4w0WGOavm2qZQINjwAYLMyOO', '2020-01-20 05:30:38'),
(140, 462, '$2y$10$Iw97ICkEElwoi4yI8cn9V.YXqyzQ.rLj9fJraXENWgeDMiw0RtaYu', '2020-01-20 05:30:50'),
(141, 58, '$2y$10$WW3VFRD9oCdaDhKs3hrwPOMmjTZvvMqH8IfZtWVo.KNUvo0pqi2M2', '2020-01-20 05:33:30'),
(142, 392, '$2y$10$rrv32IKMlGTivDpPmzYJAOiAWc17i1hCuNiC8VhShdAw6XtYCJX3i', '2020-01-20 05:35:04'),
(143, 469, '$2y$10$twHbQsuSH6thvKTUJgzZ4ufxKOv6oECRy8GuCzDiTvHLHvJglsG2C', '2020-01-20 05:39:34'),
(144, 134, '$2y$10$ZkwbPUc0n/fopPutL.bT3e.zJKCme/pjBZDbHEfCUkmtwurNqLi0y', '2020-01-20 05:40:10'),
(145, 214, '$2y$10$rYwFd/qZZMyeCkTEGEXQRecxIm.zBY1rEo5Pm6DXcng7JNcehJP5q', '2020-01-20 05:47:06'),
(146, 247, '$2y$10$6mfprTJZo5IW596l8yDmnOktqfZUfGkDx5Lhaudxa0Yo.gRJudgiS', '2020-01-20 05:47:21'),
(147, 220, '$2y$10$Si2fvbAdeXVvd6cD6dlPD.KE5ZEFlNT/1yxCTMEBMlgPkEcKsrKQq', '2020-01-20 05:48:02'),
(148, 381, '$2y$10$dWuiUAg8WejBqvU7BHJpl.SofwSIgjIL9K7tPkX3bHdiXRweRxLOC', '2020-01-20 05:48:12'),
(149, 363, '$2y$10$8Xc.vvf0tWNZlVvcD1CjduKROXEMsLGax3N0AWj0C9QutLS3Fy8jS', '2020-01-20 05:48:49'),
(150, 463, '$2y$10$MPbHSGj6yJAONi1IeQTUe.WlbP.oCztG.Ld2mUBC0/PF.TBqNEjo6', '2020-01-20 05:49:02'),
(151, 171, '$2y$10$d84HA2Xr74Wzgt3TOrTxsO7s0bWoQkV0CGoSTfHyz3hKUmXGCjbiy', '2020-01-20 05:51:10'),
(152, 330, '$2y$10$EIqKmcBnF47voWa52kM1Fe0Z4AIHONHI5SCamsNHTyViDn2KTsatW', '2020-01-20 05:52:57'),
(153, 70, '$2y$10$24tHbuJoRM/BUQetEquD7O.GSFx5Ra1SI3gac9Tqs/zHa5R0g6vAG', '2020-01-20 06:00:08'),
(154, 71, '$2y$10$5A.EeBhpwU1tD7e5e6yQEOnAEbyQihcBetaQP7bKx7ecRmQqcU1ui', '2020-01-20 06:00:20'),
(155, 143, '$2y$10$pzo8JExbhj6ruqzayC9F9e3DdBvTa64jVNVKz8QjIrrb2vsTSiWk.', '2020-01-20 06:03:04'),
(156, 48, '$2y$10$ku7hqPu3b5WtSERGdD5Og.4IWUo3k8rqvn9yKeD/5a0GCd/wKIGA.', '2020-01-20 06:04:08'),
(157, 322, '$2y$10$W4M4d/z7UeVAiblXkTwm3O3Sz1tWk92u8efEsloEXI0IjEnNWwVwG', '2020-01-20 06:08:04'),
(158, 122, '$2y$10$v9OUWtvZtNWY94T.f5ZudulRR1Blc8xdoH.KEk420L9kxfY3XSsuG', '2020-01-20 06:12:53'),
(159, 13, '$2y$10$DqCKzE3ji8g3kYYqxSoWle607svAlxpWYlE/.eMCXMG3YQFg0Q5i6', '2020-01-20 06:17:26'),
(160, 89, '$2y$10$dZR5QPOCWi3rbd2P0zGicucJKx86LgcegnosgTP.stZuEpiSClWMO', '2020-01-20 06:18:06'),
(161, 217, '$2y$10$aQP5AIqnU01CbstRtaJeAOn1cE.PTEzCOvXlVe8cNcnH/TS9Ft1MW', '2020-01-20 06:22:57'),
(162, 391, '$2y$10$U3eKZCVmrqYJ1xyPnoFuVOkR7EOMxrfQwNz8ba0VmxHuJpLlf2KF2', '2020-01-20 06:26:05'),
(163, 203, '$2y$10$mwwbjRLPfpq06KW3S4bB3.c9axH01XIvhBIFughRizcBEv9QbkjOG', '2020-01-20 06:26:38'),
(164, 93, '$2y$10$ru5J8CWveKASAf8nhuGs.ugaIpcGrGWP/ZX1jduRkoMfUg9LYZp9u', '2020-01-20 06:28:50'),
(165, 131, '$2y$10$u5dlrsvi532YylU8HeCx0ebbnik.oWjDkvcDXZdPI5K2aQyVYVzYS', '2020-01-20 06:28:59'),
(166, 382, '$2y$10$XPgv0nzjOgRHJEO1h5mYX.l.0s8nIPBZDhs/2UfCAF2/aHvqiyVoS', '2020-01-20 06:34:02'),
(167, 222, '$2y$10$OKNJl1FTJcxWUqPb.vwP3eFJPjclUFbRCVeEOurvg62Hxf0u7lemO', '2020-01-20 07:10:43'),
(168, 219, '$2y$10$JJngd6bfFhZ4Qa4hibejTeaCbA94G5DC6xYAckanMtOs5ASo5J.P6', '2020-01-20 07:10:54'),
(169, 426, '$2y$10$RTdX3OSG2jOrw2ohUJ7C2uBIwVXmsJPbkEGWkSosVbdNlHggoG9/m', '2020-01-20 07:12:52'),
(170, 418, '$2y$10$JiMu9kv16Mp4ygsDxn5ZDOM7maAwiXsA.g1ORwbfXjFu2GBkrobkm', '2020-01-20 07:12:56'),
(171, 413, '$2y$10$KWOztM.ItEeBO/PbBwdAqOCXAksggX/b0BTA.noOplOREM9GYB1T6', '2020-01-20 07:15:06'),
(172, 403, '$2y$10$DQSLo0uBPRC9ZhmFpbq7oe8BFNOhnGOsWvfVdfZ458Dh4Csk1kch.', '2020-01-20 07:15:34'),
(173, 478, '$2y$10$CZFL9BWfV0T/qIfcOzydROCrRGZbxStoomfn0b.PeE6mllSHfUvVa', '2020-01-20 07:16:06'),
(174, 452, '$2y$10$j7o34XT2k.lh5Qpcva2naeYhwgKKHuyy0yPa6C/BYqOgoIaLSSHjC', '2020-01-20 07:17:32'),
(175, 460, '$2y$10$fVpa.QJFjUCE2fV1YsCqgOUpidFZy2nDUq5SYJHU3p6628./Fwiyu', '2020-01-20 07:18:03'),
(176, 456, '$2y$10$6wt/lrmCTqiDVGf7cCXjv.0lsOvtOyEJgf3YpjIh2aI/hpx6QtTAG', '2020-01-20 07:18:09'),
(177, 448, '$2y$10$vWWrhp3XI0u.ItwfpVvSv.z1UjObT4Q7iunShNkqEMsp0bQl4pU1m', '2020-01-20 07:18:45'),
(178, 479, '$2y$10$Se.sdsja49WXc28s.BNCUewh44/ti/zd.yllehMm/xFDjG0HWsxq6', '2020-01-20 07:18:54'),
(179, 437, '$2y$10$arvqPJlSh2E.ceqEoZbgG.jCU19kk43aih13ELq6NSEUbukwOntK6', '2020-01-20 07:19:36'),
(180, 420, '$2y$10$5OcHbkSq1yv3KLPMZRRn/uMyasZYZXef8SCrK84gLIo12kFSJVNYu', '2020-01-20 07:19:57'),
(181, 512, '$2y$10$gfeROrOkS4f0LtIgYykOROicaSSRq.6TzVBEERJd2t8pntenxuFLy', '2020-01-20 07:20:14'),
(182, 401, '$2y$10$4ahgzSivODGDYjPjJAQpe.ffc0Zpli42UD255rMOxi16IlrHRqDfW', '2020-01-20 07:22:58'),
(183, 517, '$2y$10$/Otvdg4MvwZvXgoqZvnMSOZpw7RNo9YglEFaNQ/fkTMT2r0Dp6TI.', '2020-01-20 07:23:49'),
(184, 141, '$2y$10$RfQuXDrPY9szL/sTvwy/4ug8DgGWSgyohkD1VVA6M07kRuh.Hcvju', '2020-01-20 07:24:25'),
(185, 24, '$2y$10$XO/41m3bAlSi89eLxa1OMeqXaruz6q1D2Hu0PJd1upBn.cIIN/S3S', '2020-01-20 07:25:56'),
(186, 150, '$2y$10$Fwy5bbNX6mEuxPRmZm1ySubL4N9/c3H7BZuuqfeTDqbjzo4aR.FFO', '2020-01-20 07:29:23'),
(187, 404, '$2y$10$d9sb4E8CdYxRQmgJH5eL5um3knEcldusStUYCXvzers2Mc1iiXZX.', '2020-01-20 07:36:13'),
(188, 428, '$2y$10$rfroUnjEXKMaQ0Eq18SRseq4R6P2GWnx0t38DVjHNXqXXyK2hrquu', '2020-01-20 07:36:59'),
(189, 218, '$2y$10$ewz3mrz1v1A5TS94OZaMG.yrsbEsOvSsQhoUVWkZzzJ7PJNQJhzMS', '2020-01-20 07:37:59'),
(190, 454, '$2y$10$zu8q3lR2BwtoXvqaUOSOLe7pMAPVH35FpLBmJFJ15uAG2UPkRSIh6', '2020-01-20 07:38:39'),
(191, 388, '$2y$10$2JuGbVRDOS4FLSEsDo3KH.9SB9Z5/i6aZ0IsTeCUC3RsfnhsEu9OK', '2020-01-20 07:53:53'),
(192, 124, '$2y$10$GAb9RBtV/j8H6.HD9EQvIexyN.dP6e0DLgn7ezloUdQ.zwhjWdUtG', '2020-01-20 08:02:23'),
(193, 208, '$2y$10$PKu5T24RMS2MrWsfejYKH.hnzxBmgWXT7/9RU495o/hjpKhm17Nwa', '2020-01-20 08:18:11'),
(194, 88, '$2y$10$57OsayaP/ViEy90ojhdf2urNYxfnFKo3tI8n7UH7uKg6UjBy/P4r6', '2020-01-20 08:19:24'),
(195, 19, '$2y$10$SJO4106xGTRBTvRONqGSOO6PPrKFE.Nrn1TCZbEHU.Kg7IWFeW9hS', '2020-01-20 08:24:00'),
(196, 142, '$2y$10$11iKsFXBIOO7IHGDjHs7.u1X7J9ZfqqwGKH8gXmDkbTaJOGVzEp.2', '2020-01-20 08:27:24'),
(197, 160, '$2y$10$0mXy9Hkl.s89RdWEjknG5OrA8663J5uxwcssBarLb4RwEyRNuHrE2', '2020-01-20 08:27:26'),
(198, 12, '$2y$10$HS0wrWsL5v9sXOsjPkAK.us2X0qgebtCboxoTnz6brU/i/AJMsDXm', '2020-01-20 08:29:17'),
(199, 259, '$2y$10$WR13z2BebAM3rlcjWRRvlu3LG3LDuunzDyYecq2zMp1Ouzv0YHqse', '2020-01-20 08:40:01'),
(200, 53, '$2y$10$58t5wi/OJVTrtYnFTIQHNOOfQS/lGpHylNDWtd11cueCMURtKWJ/W', '2020-01-20 08:45:47'),
(201, 87, '$2y$10$TcMAaNQ7RIawPfSTyx4KmOpFa6Epm60Hf.rT/rwZxD/C.BLD01x9a', '2020-01-20 08:47:22'),
(202, 162, '$2y$10$iA04GgeyODSHyYwEWmJE/uZuUyZPjdjv742o6xhbXrsFvSwiaS9Ge', '2020-01-20 09:05:36'),
(203, 233, '$2y$10$KeXrXf/lhG6OV3m5YHNYL.zYoJ4IDiJ/tNutc428PbfastjqdYfn.', '2020-01-20 09:06:06'),
(204, 60, '$2y$10$iPxFG.T2HHjYW.7YXMA7dOWHEMMVIpZc7oqhDPqjv3nhojdDzddya', '2020-01-20 09:06:33'),
(205, 90, '$2y$10$a5pBvsHBzY.6o3uxNrtP.exZt4UBcC71CFJCJBadSVcMpTbQqY23q', '2020-01-20 09:33:05'),
(206, 14, '$2y$10$FTuMKXoW7KQfVqHFTz27k.Q/qPAS0EDfKVDxQKVgovw4DaLYSX3Hu', '2020-01-20 09:46:39'),
(207, 103, '$2y$10$BPmGWJWZlDWKClEXJpwo0.ATzuVuQAZHp0QZS2e7hbLOHfS/nLFyO', '2020-01-20 09:47:18'),
(208, 412, '$2y$10$O.D2GnG1SKuW9NfSuhu04e5JxXDi9xJaLgWlfhoN3y/mhJA5EhcvS', '2020-01-20 09:47:35'),
(209, 199, '$2y$10$hG7FZKMlz.L2wPlTWeXHze6AbcT6GT/fJe6X77iAm6w9cbo7KdsM6', '2020-01-20 09:51:14'),
(210, 272, '$2y$10$iz7Msmp4y0YxHBSmOTnUIulkIEBC14LYDPBtfg2rT32WO6oOcA0P6', '2020-01-20 10:02:32'),
(211, 231, '$2y$10$e6C8Gcyxdgf348ck18549OZok/NapWRMkKoTYbnLZVdOLiQMyLuCK', '2020-01-20 10:03:27'),
(212, 63, '$2y$10$8j96uI7h98uym4I21LiuLeXdkuxqpxL4/3aklBc9BC.kvdY/qst.m', '2020-01-20 10:11:46'),
(213, 99, '$2y$10$ZH.p9bFeOLB5uH/ZGkuPXuQIEPIMlRmghgvrosS1pQw3whREANtRK', '2020-01-20 10:52:28'),
(214, 329, '$2y$10$.QjoFpCja5moAiZGA4d5t.t01mWf8IJbM6CCB3PA77drHOqRLoZEW', '2020-01-20 11:10:00'),
(215, 80, '$2y$10$NNlEz.PIFqCAmmNZHIhOmOB3he1v9BQri3pUDKhRErfpyvdk3Nf6e', '2020-01-20 11:10:41'),
(216, 105, '$2y$10$egAOIu/qeUGQur0X5FsKHesmhHIwMDuwahlG.OKHC5bLI9UqFNDfW', '2020-01-20 11:53:33'),
(217, 335, '$2y$10$LMUhlLflHqps7TYRN4TgGO9U6taxZZTtjR7Huk9TjBi4axYl7OWtu', '2020-01-20 11:59:12'),
(218, 465, '$2y$10$gxsUr0QMch2egG7efQvjOOy1uM7Or9n3s9Hjw/oVavEnlOxqOPh.y', '2020-01-20 12:03:52'),
(219, 77, '$2y$10$0yUizB6phxkbJe69DBB6QOOmLBb8DfF9FfgmHPlOX9gale/sddCNW', '2020-01-20 12:10:08'),
(220, 286, '$2y$10$HpEEKo/1Hmwp53KrCSehte5KRdR/U9psV79Wjb0uUeNzfR4ORkVnO', '2020-01-20 12:15:13'),
(221, 385, '$2y$10$qky256o.fUVLUtqYtLEeFum70jH14k54qPg6tVYeMlvHdZXEIZy3i', '2020-01-20 12:32:43'),
(222, 146, '$2y$10$1Ptj46WC2QOZTznF1adx8Ofv7NK8mbGDLtygv75J91uEyslt98vDK', '2020-01-20 12:34:31'),
(223, 225, '$2y$10$dKGRD8KNocyl9dNi6IelIuVGDVSgnp3y1Cj/oQKC.uz0znNr4k18m', '2020-01-20 12:38:17');

--
-- Indexes for dumped tables
--

--
-- Indexes for table `pemilih`
--
ALTER TABLE `pemilih`
  ADD PRIMARY KEY (`id`);

--
-- Indexes for table `peserta`
--
ALTER TABLE `peserta`
  ADD PRIMARY KEY (`id`);

--
-- Indexes for table `voting`
--
ALTER TABLE `voting`
  ADD PRIMARY KEY (`id`),
  ADD KEY `pemilih_id` (`pemilih_id`);

--
-- AUTO_INCREMENT for dumped tables
--

--
-- AUTO_INCREMENT for table `pemilih`
--
ALTER TABLE `pemilih`
  MODIFY `id` int(11) NOT NULL AUTO_INCREMENT, AUTO_INCREMENT=521;

--
-- AUTO_INCREMENT for table `peserta`
--
ALTER TABLE `peserta`
  MODIFY `id` int(11) NOT NULL AUTO_INCREMENT, AUTO_INCREMENT=3;

--
-- AUTO_INCREMENT for table `voting`
--
ALTER TABLE `voting`
  MODIFY `id` int(11) NOT NULL AUTO_INCREMENT, AUTO_INCREMENT=224;

--
-- Constraints for dumped tables
--

--
-- Constraints for table `voting`
--
ALTER TABLE `voting`
  ADD CONSTRAINT `voting_ibfk_1` FOREIGN KEY (`pemilih_id`) REFERENCES `pemilih` (`id`);
COMMIT;

/*!40101 SET CHARACTER_SET_CLIENT=@OLD_CHARACTER_SET_CLIENT */;
/*!40101 SET CHARACTER_SET_RESULTS=@OLD_CHARACTER_SET_RESULTS */;
/*!40101 SET COLLATION_CONNECTION=@OLD_COLLATION_CONNECTION */;
